MenuId,UserId,Date
1,1,31-03-2026
2,1,30-03-2026
3,1,29-03-2026
4,1,28-03-2026
5,1,27-03-2026
6,1,26-03-2026
7,1,25-03-2026
8,1,24-03-2026
9,1,23-03-2026
10,1,22-03-2026
11,1,21-03-2026
12,1,20-03-2026
13,1,19-03-2026
14,1,18-03-2026
16,2,31-03-2026
17,2,30-03-2026
18,2,29-03-2026
19,2,28-03-2026
20,2,27-03-2026
21,2,26-03-2026
22,2,25-03-2026
23,2,24-03-2026
24,2,23-03-2026
25,2,22-03-2026
26,2,21-03-2026
27,2,20-03-2026
28,2,19-03-2026
29,2,18-03-2026
30,2,17-03-2026
31,3,31-03-2026
32,3,30-03-2026
33,3,29-03-2026
34,3,28-03-2026
35,3,27-03-2026
36,3,26-03-2026
37,3,25-03-2026
38,3,24-03-2026
39,3,23-03-2026
40,3,22-03-2026
41,3,21-03-2026
42,3,20-03-2026
43,3,19-03-2026
44,3,15-03-2026
45,3,18-03-2026
46,4,31-03-2026
47,4,30-03-2026
48,4,29-03-2026
49,4,28-03-2026
50,4,27-03-2026
51,4,26-03-2026
52,4,25-03-2026
53,4,24-03-2026
54,4,23-03-2026
55,4,22-03-2026
56,4,21-03-2026
57,4,20-03-2026
58,4,19-03-2026
59,4,18-03-2026
60,4,17-03-2026
61,5,31-03-2026
62,5,30-03-2026
63,5,29-03-2026
64,5,28-03-2026
65,5,27-03-2026
66,5,26-03-2026
67,5,25-03-2026
68,5,24-03-2026
69,5,23-03-2026
70,5,22-03-2026
71,5,21-03-2026
72,5,20-03-2026
73,5,19-03-2026
74,5,18-03-2026
75,5,17-03-2026
76,6,31-03-2026
77,6,30-03-2026
78,6,29-03-2026
79,6,28-03-2026
80,6,27-03-2026
81,6,26-03-2026
82,6,25-03-2026
83,6,24-03-2026
84,6,23-03-2026
85,6,22-03-2026
86,6,21-03-2026
87,6,20-03-2026
88,6,19-03-2026
89,6,18-03-2026
90,6,17-03-2026
91,7,31-03-2026
92,7,30-03-2026
93,7,29-03-2026
94,7,28-03-2026
95,7,27-03-2026
96,7,26-03-2026
97,7,25-03-2026
98,7,24-03-2026
99,7,23-03-2026
100,7,22-03-2026
101,7,21-03-2026
102,7,20-03-2026
103,7,19-03-2026
104,7,18-03-2026
105,7,17-03-2026
106,8,31-03-2026
107,8,30-03-2026
108,8,29-03-2026
109,8,28-03-2026
110,8,27-03-2026
111,8,26-03-2026
112,8,25-03-2026
113,8,24-03-2026
114,8,23-03-2026
115,8,22-03-2026
116,8,21-03-2026
117,8,20-03-2026
118,8,19-03-2026
119,8,18-03-2026
120,8,17-03-2026
121,9,31-03-2026
122,9,30-03-2026
123,9,29-03-2026
124,9,28-03-2026
125,9,27-03-2026
126,9,26-03-2026
127,9,25-03-2026
128,9,24-03-2026
129,9,23-03-2026
130,9,22-03-2026
131,9,21-03-2026
132,9,20-03-2026
133,9,19-03-2026
134,9,18-03-2026
135,9,17-03-2026
136,10,31-03-2026
137,10,30-03-2026
138,10,29-03-2026
139,10,28-03-2026
140,10,27-03-2026
141,10,26-03-2026
142,10,25-03-2026
143,10,24-03-2026
144,10,23-03-2026
145,10,22-03-2026
146,10,21-03-2026
147,10,20-03-2026
148,10,19-03-2026
149,10,18-03-2026
150,10,17-03-2026
151,11,31-03-2026
152,11,30-03-2026
153,11,29-03-2026
154,11,28-03-2026
155,11,27-03-2026
156,11,26-03-2026
157,11,25-03-2026
158,11,24-03-2026
159,11,23-03-2026
160,11,22-03-2026
161,11,21-03-2026
162,11,20-03-2026
163,11,19-03-2026
164,11,18-03-2026
165,11,17-03-2026
166,12,31-03-2026
167,12,30-03-2026
168,12,29-03-2026
169,12,28-03-2026
170,12,27-03-2026
171,12,26-03-2026
172,12,25-03-2026
173,12,24-03-2026
174,12,23-03-2026
175,12,22-03-2026
176,12,21-03-2026
177,12,20-03-2026
178,12,19-03-2026
179,12,18-03-2026
180,12,17-03-2026
181,13,31-03-2026
182,13,30-03-2026
183,13,29-03-2026
184,13,28-03-2026
185,13,27-03-2026
186,13,26-03-2026
187,13,25-03-2026
188,13,24-03-2026
189,13,23-03-2026
190,13,22-03-2026
191,13,21-03-2026
192,13,20-03-2026
193,13,19-03-2026
194,13,18-03-2026
195,13,17-03-2026
196,14,31-03-2026
197,14,30-03-2026
198,14,29-03-2026
199,14,28-03-2026
200,14,27-03-2026
201,14,26-03-2026
202,14,25-03-2026
203,14,24-03-2026
204,14,23-03-2026
205,14,22-03-2026
206,14,21-03-2026
207,14,20-03-2026
208,14,19-03-2026
209,14,18-03-2026
210,14,17-03-2026
211,15,31-03-2026
212,15,30-03-2026
213,15,29-03-2026
214,15,28-03-2026
215,15,27-03-2026
216,15,26-03-2026
217,15,25-03-2026
218,15,24-03-2026
219,15,23-03-2026
220,15,22-03-2026
221,15,21-03-2026
222,15,20-03-2026
223,15,19-03-2026
224,15,18-03-2026
225,15,17-03-2026
226,16,31-03-2026
227,16,30-03-2026
228,16,29-03-2026
229,16,28-03-2026
230,16,27-03-2026
231,16,26-03-2026
232,16,25-03-2026
233,16,24-03-2026
234,16,23-03-2026
235,16,22-03-2026
236,16,21-03-2026
237,16,20-03-2026
238,16,19-03-2026
239,16,18-03-2026
240,16,17-03-2026
241,17,31-03-2026
242,17,30-03-2026
243,17,29-03-2026
244,17,28-03-2026
245,17,27-03-2026
246,17,26-03-2026
247,17,25-03-2026
248,17,24-03-2026
249,17,23-03-2026
250,17,22-03-2026
251,17,21-03-2026
252,17,20-03-2026
253,17,19-03-2026
254,17,18-03-2026
255,17,17-03-2026
256,18,31-03-2026
257,18,30-03-2026
258,18,29-03-2026
259,18,28-03-2026
260,18,27-03-2026
261,18,26-03-2026
262,18,25-03-2026
263,18,24-03-2026
264,18,23-03-2026
265,18,22-03-2026
266,18,21-03-2026
267,18,20-03-2026
268,18,19-03-2026
269,18,18-03-2026
270,18,17-03-2026
271,19,31-03-2026
272,19,30-03-2026
273,19,29-03-2026
274,19,28-03-2026
275,19,27-03-2026
276,19,26-03-2026
277,19,25-03-2026
278,19,24-03-2026
279,19,23-03-2026
280,19,22-03-2026
281,19,21-03-2026
282,19,20-03-2026
283,19,19-03-2026
284,19,18-03-2026
285,19,17-03-2026
286,20,31-03-2026
287,20,30-03-2026
288,20,29-03-2026
289,20,28-03-2026
290,20,27-03-2026
291,20,26-03-2026
292,20,25-03-2026
293,20,24-03-2026
294,20,23-03-2026
295,20,22-03-2026
296,20,21-03-2026
297,20,20-03-2026
298,20,19-03-2026
299,20,18-03-2026
300,20,17-03-2026
301,21,31-03-2026
302,21,30-03-2026
303,21,29-03-2026
304,21,28-03-2026
305,21,27-03-2026
306,21,26-03-2026
307,21,25-03-2026
308,21,24-03-2026
309,21,23-03-2026
310,21,22-03-2026
311,21,21-03-2026
312,21,20-03-2026
313,21,19-03-2026
314,21,18-03-2026
315,21,17-03-2026
316,22,31-03-2026
317,22,30-03-2026
318,22,29-03-2026
319,22,28-03-2026
320,22,27-03-2026
321,22,26-03-2026
322,22,25-03-2026
323,22,24-03-2026
324,22,23-03-2026
325,22,22-03-2026
326,22,21-03-2026
327,22,20-03-2026
328,22,19-03-2026
329,22,18-03-2026
330,22,17-03-2026
331,23,31-03-2026
332,23,30-03-2026
333,23,29-03-2026
334,23,28-03-2026
335,23,27-03-2026
336,23,26-03-2026
337,23,25-03-2026
338,23,24-03-2026
339,23,23-03-2026
340,23,22-03-2026
341,23,21-03-2026
342,23,20-03-2026
343,23,19-03-2026
344,23,18-03-2026
345,23,17-03-2026
346,24,31-03-2026
347,24,30-03-2026
348,24,29-03-2026
349,24,28-03-2026
350,24,27-03-2026
351,24,26-03-2026
352,24,25-03-2026
353,24,24-03-2026
354,24,23-03-2026
355,24,22-03-2026
356,24,21-03-2026
357,24,20-03-2026
358,24,19-03-2026
359,24,18-03-2026
360,24,17-03-2026
361,25,31-03-2026
362,25,30-03-2026
363,25,29-03-2026
364,25,28-03-2026
365,25,27-03-2026
366,25,26-03-2026
367,25,25-03-2026
368,25,24-03-2026
369,25,23-03-2026
370,25,22-03-2026
371,25,21-03-2026
372,25,20-03-2026
373,25,19-03-2026
374,25,18-03-2026
375,25,17-03-2026
376,26,31-03-2026
377,26,30-03-2026
378,26,29-03-2026
379,26,28-03-2026
380,26,27-03-2026
381,26,26-03-2026
382,26,25-03-2026
383,26,24-03-2026
384,26,23-03-2026
385,26,22-03-2026
386,26,21-03-2026
387,26,20-03-2026
388,26,19-03-2026
389,26,18-03-2026
390,26,17-03-2026
391,1,18-03-2026
392,1,18-03-2026
393,1,31-03-2026
394,1,01-03-2026
396,28,27-04-2026
395,3,27-04-2026
