MenuProductId,MenuId,MealTime,ProductId,Quantity
1,1,Breakfast,5,1.00
2,1,Snack,7,0.75
3,1,Lunch,2,1.50
4,1,Dinner,3,1.00
5,2,Breakfast,3,1.20
6,2,Snack,9,0.75
7,2,Lunch,28,1.20
8,2,Dinner,24,1.30
9,3,Breakfast,33,0.80
10,3,Snack,11,0.75
11,3,Lunch,40,1.50
12,3,Dinner,32,1.00
13,4,Breakfast,36,1.00
14,4,Snack,13,0.75
15,4,Lunch,43,1.20
16,4,Dinner,46,1.30
17,5,Breakfast,6,1.20
18,5,Snack,47,0.75
19,5,Lunch,46,1.50
20,5,Dinner,28,1.00
21,6,Breakfast,7,0.80
22,6,Snack,49,0.75
23,6,Lunch,18,1.20
24,6,Dinner,2,1.30
25,7,Breakfast,8,1.00
26,7,Snack,15,0.75
27,7,Lunch,21,1.50
28,7,Dinner,20,1.00
29,8,Breakfast,11,1.20
30,8,Snack,7,0.75
31,8,Lunch,39,1.20
32,8,Dinner,31,1.30
33,9,Breakfast,12,0.80
34,9,Snack,9,0.75
35,9,Lunch,24,1.50
36,9,Dinner,45,1.00
37,10,Breakfast,37,1.00
38,10,Snack,11,0.75
39,10,Lunch,29,1.20
40,10,Dinner,27,1.30
41,11,Breakfast,38,1.20
42,11,Snack,13,0.75
43,11,Lunch,41,1.50
44,11,Dinner,41,1.00
45,12,Breakfast,4,0.80
46,12,Snack,47,0.75
47,12,Lunch,44,1.20
48,12,Dinner,18,1.30
49,13,Breakfast,5,1.00
50,13,Snack,49,0.75
51,13,Lunch,16,1.50
52,13,Dinner,30,1.00
61,16,Breakfast,3,1.00
62,16,Snack,8,1.00
63,16,Lunch,24,1.50
64,16,Dinner,16,1.30
65,17,Breakfast,33,1.20
66,17,Snack,10,1.00
67,17,Lunch,29,1.20
68,17,Dinner,25,1.00
69,18,Breakfast,36,0.80
70,18,Snack,12,1.00
71,18,Lunch,41,1.50
72,18,Dinner,42,1.30
73,19,Breakfast,6,1.00
74,19,Snack,14,1.00
75,19,Lunch,44,1.20
76,19,Dinner,15,1.00
77,20,Breakfast,7,1.20
78,20,Snack,48,1.00
79,20,Lunch,16,1.50
80,20,Dinner,29,1.30
81,21,Breakfast,8,0.80
82,21,Snack,33,1.00
83,21,Lunch,19,1.20
84,21,Dinner,3,1.00
85,22,Breakfast,11,1.00
86,22,Snack,6,1.00
87,22,Lunch,22,1.50
88,22,Dinner,24,1.30
89,23,Breakfast,12,1.20
90,23,Snack,8,1.00
91,23,Lunch,1,1.20
92,23,Dinner,32,1.00
93,24,Breakfast,37,0.80
94,24,Snack,10,1.00
95,24,Lunch,27,1.50
96,24,Dinner,46,1.30
97,25,Breakfast,38,1.00
98,25,Snack,12,1.00
99,25,Lunch,30,1.20
100,25,Dinner,28,1.00
101,26,Breakfast,4,1.20
102,26,Snack,14,1.00
103,26,Lunch,42,1.50
104,26,Dinner,2,1.30
105,27,Breakfast,5,0.80
106,27,Snack,48,1.00
107,27,Lunch,45,1.20
108,27,Dinner,20,1.00
109,28,Breakfast,3,1.00
110,28,Snack,33,1.00
111,28,Lunch,17,1.50
112,28,Dinner,31,1.30
113,29,Breakfast,33,1.20
114,29,Snack,6,1.00
115,29,Lunch,20,1.20
116,29,Dinner,45,1.00
117,30,Breakfast,36,0.80
118,30,Snack,8,1.00
119,30,Lunch,23,1.50
120,30,Dinner,27,1.30
121,31,Breakfast,33,1.00
122,31,Snack,9,0.75
123,31,Lunch,27,1.50
124,31,Dinner,18,1.00
125,32,Breakfast,36,1.20
126,32,Snack,11,0.75
127,32,Lunch,30,1.20
128,32,Dinner,30,1.30
129,33,Breakfast,6,0.80
130,33,Snack,13,0.75
131,33,Lunch,42,1.50
132,33,Dinner,43,1.00
133,34,Breakfast,7,1.00
134,34,Snack,47,0.75
135,34,Lunch,45,1.20
136,34,Dinner,26,1.30
137,35,Breakfast,8,1.20
138,35,Snack,49,0.75
139,35,Lunch,17,1.50
140,35,Dinner,40,1.00
141,36,Breakfast,11,0.80
142,36,Snack,15,0.75
143,36,Lunch,20,1.20
144,36,Dinner,16,1.30
145,37,Breakfast,12,1.00
146,37,Snack,7,0.75
147,37,Lunch,23,1.50
148,37,Dinner,25,1.00
149,38,Breakfast,37,1.20
150,38,Snack,9,0.75
151,38,Lunch,2,1.20
152,38,Dinner,42,1.30
153,39,Breakfast,38,0.80
154,39,Snack,11,0.75
155,39,Lunch,28,1.50
156,39,Dinner,15,1.00
157,40,Breakfast,4,1.00
158,40,Snack,13,0.75
159,40,Lunch,40,1.20
160,40,Dinner,29,1.30
161,41,Breakfast,5,1.20
162,41,Snack,47,0.75
163,41,Lunch,43,1.50
164,41,Dinner,3,1.00
165,42,Breakfast,3,0.80
166,42,Snack,49,0.75
167,42,Lunch,46,1.20
168,42,Dinner,24,1.30
169,43,Breakfast,33,1.00
170,43,Snack,15,0.75
171,43,Lunch,18,1.50
172,43,Dinner,32,1.00
173,44,Breakfast,36,1.20
174,44,Snack,7,0.75
175,44,Lunch,21,1.20
176,44,Dinner,46,1.30
177,45,Breakfast,6,0.80
178,45,Snack,9,0.75
179,45,Lunch,39,1.50
180,45,Dinner,28,1.00
181,46,Breakfast,36,1.00
182,46,Snack,10,1.00
183,46,Lunch,28,1.50
184,46,Dinner,20,1.30
185,47,Breakfast,6,1.20
186,47,Snack,12,1.00
187,47,Lunch,40,1.20
188,47,Dinner,31,1.00
189,48,Breakfast,7,0.80
190,48,Snack,14,1.00
191,48,Lunch,43,1.50
192,48,Dinner,45,1.30
193,49,Breakfast,8,1.00
194,49,Snack,48,1.00
195,49,Lunch,46,1.20
196,49,Dinner,27,1.00
197,50,Breakfast,11,1.20
198,50,Snack,33,1.00
199,50,Lunch,18,1.50
200,50,Dinner,41,1.30
201,51,Breakfast,12,0.80
202,51,Snack,6,1.00
203,51,Lunch,21,1.20
204,51,Dinner,18,1.00
205,52,Breakfast,37,1.00
206,52,Snack,8,1.00
207,52,Lunch,39,1.50
208,52,Dinner,30,1.30
209,53,Breakfast,38,1.20
210,53,Snack,10,1.00
211,53,Lunch,24,1.20
212,53,Dinner,43,1.00
213,54,Breakfast,4,0.80
214,54,Snack,12,1.00
215,54,Lunch,29,1.50
216,54,Dinner,26,1.30
217,55,Breakfast,5,1.00
218,55,Snack,14,1.00
219,55,Lunch,41,1.20
220,55,Dinner,40,1.00
221,56,Breakfast,3,1.20
222,56,Snack,48,1.00
223,56,Lunch,44,1.50
224,56,Dinner,16,1.30
225,57,Breakfast,33,0.80
226,57,Snack,33,1.00
227,57,Lunch,16,1.20
228,57,Dinner,25,1.00
229,58,Breakfast,36,1.00
230,58,Snack,6,1.00
231,58,Lunch,19,1.50
232,58,Dinner,42,1.30
233,59,Breakfast,6,1.20
234,59,Snack,8,1.00
235,59,Lunch,22,1.20
236,59,Dinner,15,1.00
237,60,Breakfast,7,0.80
238,60,Snack,10,1.00
239,60,Lunch,1,1.50
240,60,Dinner,29,1.30
241,61,Breakfast,6,1.00
242,61,Snack,11,0.75
243,61,Lunch,29,1.50
244,61,Dinner,24,1.00
245,62,Breakfast,7,1.20
246,62,Snack,13,0.75
247,62,Lunch,41,1.20
248,62,Dinner,32,1.30
249,63,Breakfast,8,0.80
250,63,Snack,47,0.75
251,63,Lunch,44,1.50
252,63,Dinner,46,1.00
253,64,Breakfast,11,1.00
254,64,Snack,49,0.75
255,64,Lunch,16,1.20
256,64,Dinner,28,1.30
257,65,Breakfast,12,1.20
258,65,Snack,15,0.75
259,65,Lunch,19,1.50
260,65,Dinner,2,1.00
261,66,Breakfast,37,0.80
262,66,Snack,7,0.75
263,66,Lunch,22,1.20
264,66,Dinner,20,1.30
265,67,Breakfast,38,1.00
266,67,Snack,9,0.75
267,67,Lunch,1,1.50
268,67,Dinner,31,1.00
269,68,Breakfast,4,1.20
270,68,Snack,11,0.75
271,68,Lunch,27,1.20
272,68,Dinner,45,1.30
273,69,Breakfast,5,0.80
274,69,Snack,13,0.75
275,69,Lunch,30,1.50
276,69,Dinner,27,1.00
277,70,Breakfast,3,1.00
278,70,Snack,47,0.75
279,70,Lunch,42,1.20
280,70,Dinner,41,1.30
281,71,Breakfast,33,1.20
282,71,Snack,49,0.75
283,71,Lunch,45,1.50
284,71,Dinner,18,1.00
285,72,Breakfast,36,0.80
286,72,Snack,15,0.75
287,72,Lunch,17,1.20
288,72,Dinner,30,1.30
289,73,Breakfast,6,1.00
290,73,Snack,7,0.75
291,73,Lunch,20,1.50
292,73,Dinner,43,1.00
293,74,Breakfast,7,1.20
294,74,Snack,9,0.75
295,74,Lunch,23,1.20
296,74,Dinner,26,1.30
297,75,Breakfast,8,0.80
298,75,Snack,11,0.75
299,75,Lunch,2,1.50
300,75,Dinner,40,1.00
301,76,Breakfast,7,1.00
302,76,Snack,12,1.00
303,76,Lunch,30,1.50
304,76,Dinner,25,1.30
305,77,Breakfast,8,1.20
306,77,Snack,14,1.00
307,77,Lunch,42,1.20
308,77,Dinner,42,1.00
309,78,Breakfast,11,0.80
310,78,Snack,48,1.00
311,78,Lunch,45,1.50
312,78,Dinner,15,1.30
313,79,Breakfast,12,1.00
314,79,Snack,33,1.00
315,79,Lunch,17,1.20
316,79,Dinner,29,1.00
317,80,Breakfast,37,1.20
318,80,Snack,6,1.00
319,80,Lunch,20,1.50
320,80,Dinner,3,1.30
321,81,Breakfast,38,0.80
322,81,Snack,8,1.00
323,81,Lunch,23,1.20
324,81,Dinner,24,1.00
325,82,Breakfast,4,1.00
326,82,Snack,10,1.00
327,82,Lunch,2,1.50
328,82,Dinner,32,1.30
329,83,Breakfast,5,1.20
330,83,Snack,12,1.00
331,83,Lunch,28,1.20
332,83,Dinner,46,1.00
333,84,Breakfast,3,0.80
334,84,Snack,14,1.00
335,84,Lunch,40,1.50
336,84,Dinner,28,1.30
337,85,Breakfast,33,1.00
338,85,Snack,48,1.00
339,85,Lunch,43,1.20
340,85,Dinner,2,1.00
341,86,Breakfast,36,1.20
342,86,Snack,33,1.00
343,86,Lunch,46,1.50
344,86,Dinner,20,1.30
345,87,Breakfast,6,0.80
346,87,Snack,6,1.00
347,87,Lunch,18,1.20
348,87,Dinner,31,1.00
349,88,Breakfast,7,1.00
350,88,Snack,8,1.00
351,88,Lunch,21,1.50
352,88,Dinner,45,1.30
353,89,Breakfast,8,1.20
354,89,Snack,10,1.00
355,89,Lunch,39,1.20
356,89,Dinner,27,1.00
357,90,Breakfast,11,0.80
358,90,Snack,12,1.00
359,90,Lunch,24,1.50
360,90,Dinner,41,1.30
361,91,Breakfast,8,1.00
362,91,Snack,13,0.75
363,91,Lunch,40,1.50
364,91,Dinner,30,1.00
365,92,Breakfast,11,1.20
366,92,Snack,47,0.75
367,92,Lunch,43,1.20
368,92,Dinner,43,1.30
369,93,Breakfast,12,0.80
370,93,Snack,49,0.75
371,93,Lunch,46,1.50
372,93,Dinner,26,1.00
373,94,Breakfast,37,1.00
374,94,Snack,15,0.75
375,94,Lunch,18,1.20
376,94,Dinner,40,1.30
377,95,Breakfast,38,1.20
378,95,Snack,7,0.75
379,95,Lunch,21,1.50
380,95,Dinner,16,1.00
381,96,Breakfast,4,0.80
382,96,Snack,9,0.75
383,96,Lunch,39,1.20
384,96,Dinner,25,1.30
385,97,Breakfast,5,1.00
386,97,Snack,11,0.75
387,97,Lunch,24,1.50
388,97,Dinner,42,1.00
389,98,Breakfast,3,1.20
390,98,Snack,13,0.75
391,98,Lunch,29,1.20
392,98,Dinner,15,1.30
393,99,Breakfast,33,0.80
394,99,Snack,47,0.75
395,99,Lunch,41,1.50
396,99,Dinner,29,1.00
397,100,Breakfast,36,1.00
398,100,Snack,49,0.75
399,100,Lunch,44,1.20
400,100,Dinner,3,1.30
401,101,Breakfast,6,1.20
402,101,Snack,15,0.75
403,101,Lunch,16,1.50
404,101,Dinner,24,1.00
405,102,Breakfast,7,0.80
406,102,Snack,7,0.75
407,102,Lunch,19,1.20
408,102,Dinner,32,1.30
409,103,Breakfast,8,1.00
410,103,Snack,9,0.75
411,103,Lunch,22,1.50
412,103,Dinner,46,1.00
413,104,Breakfast,11,1.20
414,104,Snack,11,0.75
415,104,Lunch,1,1.20
416,104,Dinner,28,1.30
417,105,Breakfast,12,0.80
418,105,Snack,13,0.75
419,105,Lunch,27,1.50
420,105,Dinner,2,1.00
421,106,Breakfast,11,1.00
422,106,Snack,14,1.00
423,106,Lunch,41,1.50
424,106,Dinner,31,1.30
425,107,Breakfast,12,1.20
426,107,Snack,48,1.00
427,107,Lunch,44,1.20
428,107,Dinner,45,1.00
429,108,Breakfast,37,0.80
430,108,Snack,33,1.00
431,108,Lunch,16,1.50
432,108,Dinner,27,1.30
433,109,Breakfast,38,1.00
434,109,Snack,6,1.00
435,109,Lunch,19,1.20
436,109,Dinner,41,1.00
437,110,Breakfast,4,1.20
438,110,Snack,8,1.00
439,110,Lunch,22,1.50
440,110,Dinner,18,1.30
441,111,Breakfast,5,0.80
442,111,Snack,10,1.00
443,111,Lunch,1,1.20
444,111,Dinner,30,1.00
445,112,Breakfast,3,1.00
446,112,Snack,12,1.00
447,112,Lunch,27,1.50
448,112,Dinner,43,1.30
449,113,Breakfast,33,1.20
450,113,Snack,14,1.00
451,113,Lunch,30,1.20
452,113,Dinner,26,1.00
453,114,Breakfast,36,0.80
454,114,Snack,48,1.00
455,114,Lunch,42,1.50
456,114,Dinner,40,1.30
457,115,Breakfast,6,1.00
458,115,Snack,33,1.00
459,115,Lunch,45,1.20
460,115,Dinner,16,1.00
461,116,Breakfast,7,1.20
462,116,Snack,6,1.00
463,116,Lunch,17,1.50
464,116,Dinner,25,1.30
465,117,Breakfast,8,0.80
466,117,Snack,8,1.00
467,117,Lunch,20,1.20
468,117,Dinner,42,1.00
469,118,Breakfast,11,1.00
470,118,Snack,10,1.00
471,118,Lunch,23,1.50
472,118,Dinner,15,1.30
473,119,Breakfast,12,1.20
474,119,Snack,12,1.00
475,119,Lunch,2,1.20
476,119,Dinner,29,1.00
477,120,Breakfast,37,0.80
478,120,Snack,14,1.00
479,120,Lunch,28,1.50
480,120,Dinner,3,1.30
481,121,Breakfast,12,1.00
482,121,Snack,47,0.75
483,121,Lunch,42,1.50
484,121,Dinner,32,1.00
485,122,Breakfast,37,1.20
486,122,Snack,49,0.75
487,122,Lunch,45,1.20
488,122,Dinner,46,1.30
489,123,Breakfast,38,0.80
490,123,Snack,15,0.75
491,123,Lunch,17,1.50
492,123,Dinner,28,1.00
493,124,Breakfast,4,1.00
494,124,Snack,7,0.75
495,124,Lunch,20,1.20
496,124,Dinner,2,1.30
497,125,Breakfast,5,1.20
498,125,Snack,9,0.75
499,125,Lunch,23,1.50
500,125,Dinner,20,1.00
501,126,Breakfast,3,0.80
502,126,Snack,11,0.75
503,126,Lunch,2,1.20
504,126,Dinner,31,1.30
505,127,Breakfast,33,1.00
506,127,Snack,13,0.75
507,127,Lunch,28,1.50
508,127,Dinner,45,1.00
509,128,Breakfast,36,1.20
510,128,Snack,47,0.75
511,128,Lunch,40,1.20
512,128,Dinner,27,1.30
513,129,Breakfast,6,0.80
514,129,Snack,49,0.75
515,129,Lunch,43,1.50
516,129,Dinner,41,1.00
517,130,Breakfast,7,1.00
518,130,Snack,15,0.75
519,130,Lunch,46,1.20
520,130,Dinner,18,1.30
521,131,Breakfast,8,1.20
522,131,Snack,7,0.75
523,131,Lunch,18,1.50
524,131,Dinner,30,1.00
525,132,Breakfast,11,0.80
526,132,Snack,9,0.75
527,132,Lunch,21,1.20
528,132,Dinner,43,1.30
529,133,Breakfast,12,1.00
530,133,Snack,11,0.75
531,133,Lunch,39,1.50
532,133,Dinner,26,1.00
533,134,Breakfast,37,1.20
534,134,Snack,13,0.75
535,134,Lunch,24,1.20
536,134,Dinner,40,1.30
537,135,Breakfast,38,0.80
538,135,Snack,47,0.75
539,135,Lunch,29,1.50
540,135,Dinner,16,1.00
541,136,Breakfast,37,1.00
542,136,Snack,48,1.00
543,136,Lunch,43,1.50
544,136,Dinner,42,1.30
545,137,Breakfast,38,1.20
546,137,Snack,33,1.00
547,137,Lunch,46,1.20
548,137,Dinner,15,1.00
549,138,Breakfast,4,0.80
550,138,Snack,6,1.00
551,138,Lunch,18,1.50
552,138,Dinner,29,1.30
553,139,Breakfast,5,1.00
554,139,Snack,8,1.00
555,139,Lunch,21,1.20
556,139,Dinner,3,1.00
557,140,Breakfast,3,1.20
558,140,Snack,10,1.00
559,140,Lunch,39,1.50
560,140,Dinner,24,1.30
561,141,Breakfast,33,0.80
562,141,Snack,12,1.00
563,141,Lunch,24,1.20
564,141,Dinner,32,1.00
565,142,Breakfast,36,1.00
566,142,Snack,14,1.00
567,142,Lunch,29,1.50
568,142,Dinner,46,1.30
569,143,Breakfast,6,1.20
570,143,Snack,48,1.00
571,143,Lunch,41,1.20
572,143,Dinner,28,1.00
573,144,Breakfast,7,0.80
574,144,Snack,33,1.00
575,144,Lunch,44,1.50
576,144,Dinner,2,1.30
577,145,Breakfast,8,1.00
578,145,Snack,6,1.00
579,145,Lunch,16,1.20
580,145,Dinner,20,1.00
581,146,Breakfast,11,1.20
582,146,Snack,8,1.00
583,146,Lunch,19,1.50
584,146,Dinner,31,1.30
585,147,Breakfast,12,0.80
586,147,Snack,10,1.00
587,147,Lunch,22,1.20
588,147,Dinner,45,1.00
589,148,Breakfast,37,1.00
590,148,Snack,12,1.00
591,148,Lunch,1,1.50
592,148,Dinner,27,1.30
593,149,Breakfast,38,1.20
594,149,Snack,14,1.00
595,149,Lunch,27,1.20
596,149,Dinner,41,1.00
597,150,Breakfast,4,0.80
598,150,Snack,48,1.00
599,150,Lunch,30,1.50
600,150,Dinner,18,1.30
601,151,Breakfast,38,1.00
602,151,Snack,49,0.75
603,151,Lunch,44,1.50
604,151,Dinner,43,1.00
605,152,Breakfast,4,1.20
606,152,Snack,15,0.75
607,152,Lunch,16,1.20
608,152,Dinner,26,1.30
609,153,Breakfast,5,0.80
610,153,Snack,7,0.75
611,153,Lunch,19,1.50
612,153,Dinner,40,1.00
613,154,Breakfast,3,1.00
614,154,Snack,9,0.75
615,154,Lunch,22,1.20
616,154,Dinner,16,1.30
617,155,Breakfast,33,1.20
618,155,Snack,11,0.75
619,155,Lunch,1,1.50
620,155,Dinner,25,1.00
621,156,Breakfast,36,0.80
622,156,Snack,13,0.75
623,156,Lunch,27,1.20
624,156,Dinner,42,1.30
625,157,Breakfast,6,1.00
626,157,Snack,47,0.75
627,157,Lunch,30,1.50
628,157,Dinner,15,1.00
629,158,Breakfast,7,1.20
630,158,Snack,49,0.75
631,158,Lunch,42,1.20
632,158,Dinner,29,1.30
633,159,Breakfast,8,0.80
634,159,Snack,15,0.75
635,159,Lunch,45,1.50
636,159,Dinner,3,1.00
637,160,Breakfast,11,1.00
638,160,Snack,7,0.75
639,160,Lunch,17,1.20
640,160,Dinner,24,1.30
641,161,Breakfast,12,1.20
642,161,Snack,9,0.75
643,161,Lunch,20,1.50
644,161,Dinner,32,1.00
645,162,Breakfast,37,0.80
646,162,Snack,11,0.75
647,162,Lunch,23,1.20
648,162,Dinner,46,1.30
649,163,Breakfast,38,1.00
650,163,Snack,13,0.75
651,163,Lunch,2,1.50
652,163,Dinner,28,1.00
653,164,Breakfast,4,1.20
654,164,Snack,47,0.75
655,164,Lunch,28,1.20
656,164,Dinner,2,1.30
657,165,Breakfast,5,0.80
658,165,Snack,49,0.75
659,165,Lunch,40,1.50
660,165,Dinner,20,1.00
661,166,Breakfast,4,1.00
662,166,Snack,33,1.00
663,166,Lunch,45,1.50
664,166,Dinner,45,1.30
665,167,Breakfast,5,1.20
666,167,Snack,6,1.00
667,167,Lunch,17,1.20
668,167,Dinner,27,1.00
669,168,Breakfast,3,0.80
670,168,Snack,8,1.00
671,168,Lunch,20,1.50
672,168,Dinner,41,1.30
673,169,Breakfast,33,1.00
674,169,Snack,10,1.00
675,169,Lunch,23,1.20
676,169,Dinner,18,1.00
677,170,Breakfast,36,1.20
678,170,Snack,12,1.00
679,170,Lunch,2,1.50
680,170,Dinner,30,1.30
681,171,Breakfast,6,0.80
682,171,Snack,14,1.00
683,171,Lunch,28,1.20
684,171,Dinner,43,1.00
685,172,Breakfast,7,1.00
686,172,Snack,48,1.00
687,172,Lunch,40,1.50
688,172,Dinner,26,1.30
689,173,Breakfast,8,1.20
690,173,Snack,33,1.00
691,173,Lunch,43,1.20
692,173,Dinner,40,1.00
693,174,Breakfast,11,0.80
694,174,Snack,6,1.00
695,174,Lunch,46,1.50
696,174,Dinner,16,1.30
697,175,Breakfast,12,1.00
698,175,Snack,8,1.00
699,175,Lunch,18,1.20
700,175,Dinner,25,1.00
701,176,Breakfast,37,1.20
702,176,Snack,10,1.00
703,176,Lunch,21,1.50
704,176,Dinner,42,1.30
705,177,Breakfast,38,0.80
706,177,Snack,12,1.00
707,177,Lunch,39,1.20
708,177,Dinner,15,1.00
709,178,Breakfast,4,1.00
710,178,Snack,14,1.00
711,178,Lunch,24,1.50
712,178,Dinner,29,1.30
713,179,Breakfast,5,1.20
714,179,Snack,48,1.00
715,179,Lunch,29,1.20
716,179,Dinner,3,1.00
717,180,Breakfast,3,0.80
718,180,Snack,33,1.00
719,180,Lunch,41,1.50
720,180,Dinner,24,1.30
721,181,Breakfast,5,1.00
722,181,Snack,15,0.75
723,181,Lunch,46,1.50
724,181,Dinner,46,1.00
725,182,Breakfast,3,1.20
726,182,Snack,7,0.75
727,182,Lunch,18,1.20
728,182,Dinner,28,1.30
729,183,Breakfast,33,0.80
730,183,Snack,9,0.75
731,183,Lunch,21,1.50
732,183,Dinner,2,1.00
733,184,Breakfast,36,1.00
734,184,Snack,11,0.75
735,184,Lunch,39,1.20
736,184,Dinner,20,1.30
737,185,Breakfast,6,1.20
738,185,Snack,13,0.75
739,185,Lunch,24,1.50
740,185,Dinner,31,1.00
741,186,Breakfast,7,0.80
742,186,Snack,47,0.75
743,186,Lunch,29,1.20
744,186,Dinner,45,1.30
745,187,Breakfast,8,1.00
746,187,Snack,49,0.75
747,187,Lunch,41,1.50
748,187,Dinner,27,1.00
749,188,Breakfast,11,1.20
750,188,Snack,15,0.75
751,188,Lunch,44,1.20
752,188,Dinner,41,1.30
753,189,Breakfast,12,0.80
754,189,Snack,7,0.75
755,189,Lunch,16,1.50
756,189,Dinner,18,1.00
757,190,Breakfast,37,1.00
758,190,Snack,9,0.75
759,190,Lunch,19,1.20
760,190,Dinner,30,1.30
761,191,Breakfast,38,1.20
762,191,Snack,11,0.75
763,191,Lunch,22,1.50
764,191,Dinner,43,1.00
765,192,Breakfast,4,0.80
766,192,Snack,13,0.75
767,192,Lunch,1,1.20
768,192,Dinner,26,1.30
769,193,Breakfast,5,1.00
770,193,Snack,47,0.75
771,193,Lunch,27,1.50
772,193,Dinner,40,1.00
773,194,Breakfast,3,1.20
774,194,Snack,49,0.75
775,194,Lunch,30,1.20
776,194,Dinner,16,1.30
777,195,Breakfast,33,0.80
778,195,Snack,15,0.75
779,195,Lunch,42,1.50
780,195,Dinner,25,1.00
781,196,Breakfast,3,1.00
782,196,Snack,6,1.00
783,196,Lunch,16,1.50
784,196,Dinner,15,1.30
785,197,Breakfast,33,1.20
786,197,Snack,8,1.00
787,197,Lunch,19,1.20
788,197,Dinner,29,1.00
789,198,Breakfast,36,0.80
790,198,Snack,10,1.00
791,198,Lunch,22,1.50
792,198,Dinner,3,1.30
793,199,Breakfast,6,1.00
794,199,Snack,12,1.00
795,199,Lunch,1,1.20
796,199,Dinner,24,1.00
797,200,Breakfast,7,1.20
798,200,Snack,14,1.00
799,200,Lunch,27,1.50
800,200,Dinner,32,1.30
801,201,Breakfast,8,0.80
802,201,Snack,48,1.00
803,201,Lunch,30,1.20
804,201,Dinner,46,1.00
805,202,Breakfast,11,1.00
806,202,Snack,33,1.00
807,202,Lunch,42,1.50
808,202,Dinner,28,1.30
809,203,Breakfast,12,1.20
810,203,Snack,6,1.00
811,203,Lunch,45,1.20
812,203,Dinner,2,1.00
813,204,Breakfast,37,0.80
814,204,Snack,8,1.00
815,204,Lunch,17,1.50
816,204,Dinner,20,1.30
817,205,Breakfast,38,1.00
818,205,Snack,10,1.00
819,205,Lunch,20,1.20
820,205,Dinner,31,1.00
821,206,Breakfast,4,1.20
822,206,Snack,12,1.00
823,206,Lunch,23,1.50
824,206,Dinner,45,1.30
825,207,Breakfast,5,0.80
826,207,Snack,14,1.00
827,207,Lunch,2,1.20
828,207,Dinner,27,1.00
829,208,Breakfast,3,1.00
830,208,Snack,48,1.00
831,208,Lunch,28,1.50
832,208,Dinner,41,1.30
833,209,Breakfast,33,1.20
834,209,Snack,33,1.00
835,209,Lunch,40,1.20
836,209,Dinner,18,1.00
837,210,Breakfast,36,0.80
838,210,Snack,6,1.00
839,210,Lunch,43,1.50
840,210,Dinner,30,1.30
841,211,Breakfast,33,1.00
842,211,Snack,7,0.75
843,211,Lunch,17,1.50
844,211,Dinner,26,1.00
845,212,Breakfast,36,1.20
846,212,Snack,9,0.75
847,212,Lunch,20,1.20
848,212,Dinner,40,1.30
849,213,Breakfast,6,0.80
850,213,Snack,11,0.75
851,213,Lunch,23,1.50
852,213,Dinner,16,1.00
853,214,Breakfast,7,1.00
854,214,Snack,13,0.75
855,214,Lunch,2,1.20
856,214,Dinner,25,1.30
857,215,Breakfast,8,1.20
858,215,Snack,47,0.75
859,215,Lunch,28,1.50
860,215,Dinner,42,1.00
861,216,Breakfast,11,0.80
862,216,Snack,49,0.75
863,216,Lunch,40,1.20
864,216,Dinner,15,1.30
865,217,Breakfast,12,1.00
866,217,Snack,15,0.75
867,217,Lunch,43,1.50
868,217,Dinner,29,1.00
869,218,Breakfast,37,1.20
870,218,Snack,7,0.75
871,218,Lunch,46,1.20
872,218,Dinner,3,1.30
873,219,Breakfast,38,0.80
874,219,Snack,9,0.75
875,219,Lunch,18,1.50
876,219,Dinner,24,1.00
877,220,Breakfast,4,1.00
878,220,Snack,11,0.75
879,220,Lunch,21,1.20
880,220,Dinner,32,1.30
881,221,Breakfast,5,1.20
882,221,Snack,13,0.75
883,221,Lunch,39,1.50
884,221,Dinner,46,1.00
885,222,Breakfast,3,0.80
886,222,Snack,47,0.75
887,222,Lunch,24,1.20
888,222,Dinner,28,1.30
889,223,Breakfast,33,1.00
890,223,Snack,49,0.75
891,223,Lunch,29,1.50
892,223,Dinner,2,1.00
893,224,Breakfast,36,1.20
894,224,Snack,15,0.75
895,224,Lunch,41,1.20
896,224,Dinner,20,1.30
897,225,Breakfast,6,0.80
898,225,Snack,7,0.75
899,225,Lunch,44,1.50
900,225,Dinner,31,1.00
901,226,Breakfast,36,1.00
902,226,Snack,8,1.00
903,226,Lunch,18,1.50
904,226,Dinner,27,1.30
905,227,Breakfast,6,1.20
906,227,Snack,10,1.00
907,227,Lunch,21,1.20
908,227,Dinner,41,1.00
909,228,Breakfast,7,0.80
910,228,Snack,12,1.00
911,228,Lunch,39,1.50
912,228,Dinner,18,1.30
913,229,Breakfast,8,1.00
914,229,Snack,14,1.00
915,229,Lunch,24,1.20
916,229,Dinner,30,1.00
917,230,Breakfast,11,1.20
918,230,Snack,48,1.00
919,230,Lunch,29,1.50
920,230,Dinner,43,1.30
921,231,Breakfast,12,0.80
922,231,Snack,33,1.00
923,231,Lunch,41,1.20
924,231,Dinner,26,1.00
925,232,Breakfast,37,1.00
926,232,Snack,6,1.00
927,232,Lunch,44,1.50
928,232,Dinner,40,1.30
929,233,Breakfast,38,1.20
930,233,Snack,8,1.00
931,233,Lunch,16,1.20
932,233,Dinner,16,1.00
933,234,Breakfast,4,0.80
934,234,Snack,10,1.00
935,234,Lunch,19,1.50
936,234,Dinner,25,1.30
937,235,Breakfast,5,1.00
938,235,Snack,12,1.00
939,235,Lunch,22,1.20
940,235,Dinner,42,1.00
941,236,Breakfast,3,1.20
942,236,Snack,14,1.00
943,236,Lunch,1,1.50
944,236,Dinner,15,1.30
945,237,Breakfast,33,0.80
946,237,Snack,48,1.00
947,237,Lunch,27,1.20
948,237,Dinner,29,1.00
949,238,Breakfast,36,1.00
950,238,Snack,33,1.00
951,238,Lunch,30,1.50
952,238,Dinner,3,1.30
953,239,Breakfast,6,1.20
954,239,Snack,6,1.00
955,239,Lunch,42,1.20
956,239,Dinner,24,1.00
957,240,Breakfast,7,0.80
958,240,Snack,8,1.00
959,240,Lunch,45,1.50
960,240,Dinner,32,1.30
961,241,Breakfast,6,1.00
962,241,Snack,9,0.75
963,241,Lunch,19,1.50
964,241,Dinner,28,1.00
965,242,Breakfast,7,1.20
966,242,Snack,11,0.75
967,242,Lunch,22,1.20
968,242,Dinner,2,1.30
969,243,Breakfast,8,0.80
970,243,Snack,13,0.75
971,243,Lunch,1,1.50
972,243,Dinner,20,1.00
973,244,Breakfast,11,1.00
974,244,Snack,47,0.75
975,244,Lunch,27,1.20
976,244,Dinner,31,1.30
977,245,Breakfast,12,1.20
978,245,Snack,49,0.75
979,245,Lunch,30,1.50
980,245,Dinner,45,1.00
981,246,Breakfast,37,0.80
982,246,Snack,15,0.75
983,246,Lunch,42,1.20
984,246,Dinner,27,1.30
985,247,Breakfast,38,1.00
986,247,Snack,7,0.75
987,247,Lunch,45,1.50
988,247,Dinner,41,1.00
989,248,Breakfast,4,1.20
990,248,Snack,9,0.75
991,248,Lunch,17,1.20
992,248,Dinner,18,1.30
993,249,Breakfast,5,0.80
994,249,Snack,11,0.75
995,249,Lunch,20,1.50
996,249,Dinner,30,1.00
997,250,Breakfast,3,1.00
998,250,Snack,13,0.75
999,250,Lunch,23,1.20
1000,250,Dinner,43,1.30
1001,251,Breakfast,33,1.20
1002,251,Snack,47,0.75
1003,251,Lunch,2,1.50
1004,251,Dinner,26,1.00
1005,252,Breakfast,36,0.80
1006,252,Snack,49,0.75
1007,252,Lunch,28,1.20
1008,252,Dinner,40,1.30
1009,253,Breakfast,6,1.00
1010,253,Snack,15,0.75
1011,253,Lunch,40,1.50
1012,253,Dinner,16,1.00
1013,254,Breakfast,7,1.20
1014,254,Snack,7,0.75
1015,254,Lunch,43,1.20
1016,254,Dinner,25,1.30
1017,255,Breakfast,8,0.80
1018,255,Snack,9,0.75
1019,255,Lunch,46,1.50
1020,255,Dinner,42,1.00
1021,256,Breakfast,7,1.00
1022,256,Snack,10,1.00
1023,256,Lunch,20,1.50
1024,256,Dinner,29,1.30
1025,257,Breakfast,8,1.20
1026,257,Snack,12,1.00
1027,257,Lunch,23,1.20
1028,257,Dinner,3,1.00
1029,258,Breakfast,11,0.80
1030,258,Snack,14,1.00
1031,258,Lunch,2,1.50
1032,258,Dinner,24,1.30
1033,259,Breakfast,12,1.00
1034,259,Snack,48,1.00
1035,259,Lunch,28,1.20
1036,259,Dinner,32,1.00
1037,260,Breakfast,37,1.20
1038,260,Snack,33,1.00
1039,260,Lunch,40,1.50
1040,260,Dinner,46,1.30
1041,261,Breakfast,38,0.80
1042,261,Snack,6,1.00
1043,261,Lunch,43,1.20
1044,261,Dinner,28,1.00
1045,262,Breakfast,4,1.00
1046,262,Snack,8,1.00
1047,262,Lunch,46,1.50
1048,262,Dinner,2,1.30
1049,263,Breakfast,5,1.20
1050,263,Snack,10,1.00
1051,263,Lunch,18,1.20
1052,263,Dinner,20,1.00
1053,264,Breakfast,3,0.80
1054,264,Snack,12,1.00
1055,264,Lunch,21,1.50
1056,264,Dinner,31,1.30
1057,265,Breakfast,33,1.00
1058,265,Snack,14,1.00
1059,265,Lunch,39,1.20
1060,265,Dinner,45,1.00
1061,266,Breakfast,36,1.20
1062,266,Snack,48,1.00
1063,266,Lunch,24,1.50
1064,266,Dinner,27,1.30
1065,267,Breakfast,6,0.80
1066,267,Snack,33,1.00
1067,267,Lunch,29,1.20
1068,267,Dinner,41,1.00
1069,268,Breakfast,7,1.00
1070,268,Snack,6,1.00
1071,268,Lunch,41,1.50
1072,268,Dinner,18,1.30
1073,269,Breakfast,8,1.20
1074,269,Snack,8,1.00
1075,269,Lunch,44,1.20
1076,269,Dinner,30,1.00
1077,270,Breakfast,11,0.80
1078,270,Snack,10,1.00
1079,270,Lunch,16,1.50
1080,270,Dinner,43,1.30
1081,271,Breakfast,8,1.00
1082,271,Snack,11,0.75
1083,271,Lunch,21,1.50
1084,271,Dinner,40,1.00
1085,272,Breakfast,11,1.20
1086,272,Snack,13,0.75
1087,272,Lunch,39,1.20
1088,272,Dinner,16,1.30
1089,273,Breakfast,12,0.80
1090,273,Snack,47,0.75
1091,273,Lunch,24,1.50
1092,273,Dinner,25,1.00
1093,274,Breakfast,37,1.00
1094,274,Snack,49,0.75
1095,274,Lunch,29,1.20
1096,274,Dinner,42,1.30
1097,275,Breakfast,38,1.20
1098,275,Snack,15,0.75
1099,275,Lunch,41,1.50
1100,275,Dinner,15,1.00
1101,276,Breakfast,4,0.80
1102,276,Snack,7,0.75
1103,276,Lunch,44,1.20
1104,276,Dinner,29,1.30
1105,277,Breakfast,5,1.00
1106,277,Snack,9,0.75
1107,277,Lunch,16,1.50
1108,277,Dinner,3,1.00
1109,278,Breakfast,3,1.20
1110,278,Snack,11,0.75
1111,278,Lunch,19,1.20
1112,278,Dinner,24,1.30
1113,279,Breakfast,33,0.80
1114,279,Snack,13,0.75
1115,279,Lunch,22,1.50
1116,279,Dinner,32,1.00
1117,280,Breakfast,36,1.00
1118,280,Snack,47,0.75
1119,280,Lunch,1,1.20
1120,280,Dinner,46,1.30
1121,281,Breakfast,6,1.20
1122,281,Snack,49,0.75
1123,281,Lunch,27,1.50
1124,281,Dinner,28,1.00
1125,282,Breakfast,7,0.80
1126,282,Snack,15,0.75
1127,282,Lunch,30,1.20
1128,282,Dinner,2,1.30
1129,283,Breakfast,8,1.00
1130,283,Snack,7,0.75
1131,283,Lunch,42,1.50
1132,283,Dinner,20,1.00
1133,284,Breakfast,11,1.20
1134,284,Snack,9,0.75
1135,284,Lunch,45,1.20
1136,284,Dinner,31,1.30
1137,285,Breakfast,12,0.80
1138,285,Snack,11,0.75
1139,285,Lunch,17,1.50
1140,285,Dinner,45,1.00
1141,286,Breakfast,11,1.00
1142,286,Snack,12,1.00
1143,286,Lunch,22,1.50
1144,286,Dinner,41,1.30
1145,287,Breakfast,12,1.20
1146,287,Snack,14,1.00
1147,287,Lunch,1,1.20
1148,287,Dinner,18,1.00
1149,288,Breakfast,37,0.80
1150,288,Snack,48,1.00
1151,288,Lunch,27,1.50
1152,288,Dinner,30,1.30
1153,289,Breakfast,38,1.00
1154,289,Snack,33,1.00
1155,289,Lunch,30,1.20
1156,289,Dinner,43,1.00
1157,290,Breakfast,4,1.20
1158,290,Snack,6,1.00
1159,290,Lunch,42,1.50
1160,290,Dinner,26,1.30
1161,291,Breakfast,5,0.80
1162,291,Snack,8,1.00
1163,291,Lunch,45,1.20
1164,291,Dinner,40,1.00
1165,292,Breakfast,3,1.00
1166,292,Snack,10,1.00
1167,292,Lunch,17,1.50
1168,292,Dinner,16,1.30
1169,293,Breakfast,33,1.20
1170,293,Snack,12,1.00
1171,293,Lunch,20,1.20
1172,293,Dinner,25,1.00
1173,294,Breakfast,36,0.80
1174,294,Snack,14,1.00
1175,294,Lunch,23,1.50
1176,294,Dinner,42,1.30
1177,295,Breakfast,6,1.00
1178,295,Snack,48,1.00
1179,295,Lunch,2,1.20
1180,295,Dinner,15,1.00
1181,296,Breakfast,7,1.20
1182,296,Snack,33,1.00
1183,296,Lunch,28,1.50
1184,296,Dinner,29,1.30
1185,297,Breakfast,8,0.80
1186,297,Snack,6,1.00
1187,297,Lunch,40,1.20
1188,297,Dinner,3,1.00
1189,298,Breakfast,11,1.00
1190,298,Snack,8,1.00
1191,298,Lunch,43,1.50
1192,298,Dinner,24,1.30
1193,299,Breakfast,12,1.20
1194,299,Snack,10,1.00
1195,299,Lunch,46,1.20
1196,299,Dinner,32,1.00
1197,300,Breakfast,37,0.80
1198,300,Snack,12,1.00
1199,300,Lunch,18,1.50
1200,300,Dinner,46,1.30
1201,301,Breakfast,12,1.00
1202,301,Snack,13,0.75
1203,301,Lunch,23,1.50
1204,301,Dinner,2,1.00
1205,302,Breakfast,37,1.20
1206,302,Snack,47,0.75
1207,302,Lunch,2,1.20
1208,302,Dinner,20,1.30
1209,303,Breakfast,38,0.80
1210,303,Snack,49,0.75
1211,303,Lunch,28,1.50
1212,303,Dinner,31,1.00
1213,304,Breakfast,4,1.00
1214,304,Snack,15,0.75
1215,304,Lunch,40,1.20
1216,304,Dinner,45,1.30
1217,305,Breakfast,5,1.20
1218,305,Snack,7,0.75
1219,305,Lunch,43,1.50
1220,305,Dinner,27,1.00
1221,306,Breakfast,3,0.80
1222,306,Snack,9,0.75
1223,306,Lunch,46,1.20
1224,306,Dinner,41,1.30
1225,307,Breakfast,33,1.00
1226,307,Snack,11,0.75
1227,307,Lunch,18,1.50
1228,307,Dinner,18,1.00
1229,308,Breakfast,36,1.20
1230,308,Snack,13,0.75
1231,308,Lunch,21,1.20
1232,308,Dinner,30,1.30
1233,309,Breakfast,6,0.80
1234,309,Snack,47,0.75
1235,309,Lunch,39,1.50
1236,309,Dinner,43,1.00
1237,310,Breakfast,7,1.00
1238,310,Snack,49,0.75
1239,310,Lunch,24,1.20
1240,310,Dinner,26,1.30
1241,311,Breakfast,8,1.20
1242,311,Snack,15,0.75
1243,311,Lunch,29,1.50
1244,311,Dinner,40,1.00
1245,312,Breakfast,11,0.80
1246,312,Snack,7,0.75
1247,312,Lunch,41,1.20
1248,312,Dinner,16,1.30
1249,313,Breakfast,12,1.00
1250,313,Snack,9,0.75
1251,313,Lunch,44,1.50
1252,313,Dinner,25,1.00
1253,314,Breakfast,37,1.20
1254,314,Snack,11,0.75
1255,314,Lunch,16,1.20
1256,314,Dinner,42,1.30
1257,315,Breakfast,38,0.80
1258,315,Snack,13,0.75
1259,315,Lunch,19,1.50
1260,315,Dinner,15,1.00
1261,316,Breakfast,37,1.00
1262,316,Snack,14,1.00
1263,316,Lunch,39,1.50
1264,316,Dinner,3,1.30
1265,317,Breakfast,38,1.20
1266,317,Snack,48,1.00
1267,317,Lunch,24,1.20
1268,317,Dinner,24,1.00
1269,318,Breakfast,4,0.80
1270,318,Snack,33,1.00
1271,318,Lunch,29,1.50
1272,318,Dinner,32,1.30
1273,319,Breakfast,5,1.00
1274,319,Snack,6,1.00
1275,319,Lunch,41,1.20
1276,319,Dinner,46,1.00
1277,320,Breakfast,3,1.20
1278,320,Snack,8,1.00
1279,320,Lunch,44,1.50
1280,320,Dinner,28,1.30
1281,321,Breakfast,33,0.80
1282,321,Snack,10,1.00
1283,321,Lunch,16,1.20
1284,321,Dinner,2,1.00
1285,322,Breakfast,36,1.00
1286,322,Snack,12,1.00
1287,322,Lunch,19,1.50
1288,322,Dinner,20,1.30
1289,323,Breakfast,6,1.20
1290,323,Snack,14,1.00
1291,323,Lunch,22,1.20
1292,323,Dinner,31,1.00
1293,324,Breakfast,7,0.80
1294,324,Snack,48,1.00
1295,324,Lunch,1,1.50
1296,324,Dinner,45,1.30
1297,325,Breakfast,8,1.00
1298,325,Snack,33,1.00
1299,325,Lunch,27,1.20
1300,325,Dinner,27,1.00
1301,326,Breakfast,11,1.20
1302,326,Snack,6,1.00
1303,326,Lunch,30,1.50
1304,326,Dinner,41,1.30
1305,327,Breakfast,12,0.80
1306,327,Snack,8,1.00
1307,327,Lunch,42,1.20
1308,327,Dinner,18,1.00
1309,328,Breakfast,37,1.00
1310,328,Snack,10,1.00
1311,328,Lunch,45,1.50
1312,328,Dinner,30,1.30
1313,329,Breakfast,38,1.20
1314,329,Snack,12,1.00
1315,329,Lunch,17,1.20
1316,329,Dinner,43,1.00
1317,330,Breakfast,4,0.80
1318,330,Snack,14,1.00
1319,330,Lunch,20,1.50
1320,330,Dinner,26,1.30
1321,331,Breakfast,38,1.00
1322,331,Snack,47,0.75
1323,331,Lunch,1,1.50
1324,331,Dinner,16,1.00
1325,332,Breakfast,4,1.20
1326,332,Snack,49,0.75
1327,332,Lunch,27,1.20
1328,332,Dinner,25,1.30
1329,333,Breakfast,5,0.80
1330,333,Snack,15,0.75
1331,333,Lunch,30,1.50
1332,333,Dinner,42,1.00
1333,334,Breakfast,3,1.00
1334,334,Snack,7,0.75
1335,334,Lunch,42,1.20
1336,334,Dinner,15,1.30
1337,335,Breakfast,33,1.20
1338,335,Snack,9,0.75
1339,335,Lunch,45,1.50
1340,335,Dinner,29,1.00
1341,336,Breakfast,36,0.80
1342,336,Snack,11,0.75
1343,336,Lunch,17,1.20
1344,336,Dinner,3,1.30
1345,337,Breakfast,6,1.00
1346,337,Snack,13,0.75
1347,337,Lunch,20,1.50
1348,337,Dinner,24,1.00
1349,338,Breakfast,7,1.20
1350,338,Snack,47,0.75
1351,338,Lunch,23,1.20
1352,338,Dinner,32,1.30
1353,339,Breakfast,8,0.80
1354,339,Snack,49,0.75
1355,339,Lunch,2,1.50
1356,339,Dinner,46,1.00
1357,340,Breakfast,11,1.00
1358,340,Snack,15,0.75
1359,340,Lunch,28,1.20
1360,340,Dinner,28,1.30
1361,341,Breakfast,12,1.20
1362,341,Snack,7,0.75
1363,341,Lunch,40,1.50
1364,341,Dinner,2,1.00
1365,342,Breakfast,37,0.80
1366,342,Snack,9,0.75
1367,342,Lunch,43,1.20
1368,342,Dinner,20,1.30
1369,343,Breakfast,38,1.00
1370,343,Snack,11,0.75
1371,343,Lunch,46,1.50
1372,343,Dinner,31,1.00
1373,344,Breakfast,4,1.20
1374,344,Snack,13,0.75
1375,344,Lunch,18,1.20
1376,344,Dinner,45,1.30
1377,345,Breakfast,5,0.80
1378,345,Snack,47,0.75
1379,345,Lunch,21,1.50
1380,345,Dinner,27,1.00
1381,346,Breakfast,4,1.00
1382,346,Snack,48,1.00
1383,346,Lunch,2,1.50
1384,346,Dinner,18,1.30
1385,347,Breakfast,5,1.20
1386,347,Snack,33,1.00
1387,347,Lunch,28,1.20
1388,347,Dinner,30,1.00
1389,348,Breakfast,3,0.80
1390,348,Snack,6,1.00
1391,348,Lunch,40,1.50
1392,348,Dinner,43,1.30
1393,349,Breakfast,33,1.00
1394,349,Snack,8,1.00
1395,349,Lunch,43,1.20
1396,349,Dinner,26,1.00
1397,350,Breakfast,36,1.20
1398,350,Snack,10,1.00
1399,350,Lunch,46,1.50
1400,350,Dinner,40,1.30
1401,351,Breakfast,6,0.80
1402,351,Snack,12,1.00
1403,351,Lunch,18,1.20
1404,351,Dinner,16,1.00
1405,352,Breakfast,7,1.00
1406,352,Snack,14,1.00
1407,352,Lunch,21,1.50
1408,352,Dinner,25,1.30
1409,353,Breakfast,8,1.20
1410,353,Snack,48,1.00
1411,353,Lunch,39,1.20
1412,353,Dinner,42,1.00
1413,354,Breakfast,11,0.80
1414,354,Snack,33,1.00
1415,354,Lunch,24,1.50
1416,354,Dinner,15,1.30
1417,355,Breakfast,12,1.00
1418,355,Snack,6,1.00
1419,355,Lunch,29,1.20
1420,355,Dinner,29,1.00
1421,356,Breakfast,37,1.20
1422,356,Snack,8,1.00
1423,356,Lunch,41,1.50
1424,356,Dinner,3,1.30
1425,357,Breakfast,38,0.80
1426,357,Snack,10,1.00
1427,357,Lunch,44,1.20
1428,357,Dinner,24,1.00
1429,358,Breakfast,4,1.00
1430,358,Snack,12,1.00
1431,358,Lunch,16,1.50
1432,358,Dinner,32,1.30
1433,359,Breakfast,5,1.20
1434,359,Snack,14,1.00
1435,359,Lunch,19,1.20
1436,359,Dinner,46,1.00
1437,360,Breakfast,3,0.80
1438,360,Snack,48,1.00
1439,360,Lunch,22,1.50
1440,360,Dinner,28,1.30
1441,361,Breakfast,5,1.00
1442,361,Snack,49,0.75
1443,361,Lunch,24,1.50
1444,361,Dinner,20,1.00
1445,362,Breakfast,3,1.20
1446,362,Snack,15,0.75
1447,362,Lunch,29,1.20
1448,362,Dinner,31,1.30
1449,363,Breakfast,33,0.80
1450,363,Snack,7,0.75
1451,363,Lunch,41,1.50
1452,363,Dinner,45,1.00
1453,364,Breakfast,36,1.00
1454,364,Snack,9,0.75
1455,364,Lunch,44,1.20
1456,364,Dinner,27,1.30
1457,365,Breakfast,6,1.20
1458,365,Snack,11,0.75
1459,365,Lunch,16,1.50
1460,365,Dinner,41,1.00
1461,366,Breakfast,7,0.80
1462,366,Snack,13,0.75
1463,366,Lunch,19,1.20
1464,366,Dinner,18,1.30
1465,367,Breakfast,8,1.00
1466,367,Snack,47,0.75
1467,367,Lunch,22,1.50
1468,367,Dinner,30,1.00
1469,368,Breakfast,11,1.20
1470,368,Snack,49,0.75
1471,368,Lunch,1,1.20
1472,368,Dinner,43,1.30
1473,369,Breakfast,12,0.80
1474,369,Snack,15,0.75
1475,369,Lunch,27,1.50
1476,369,Dinner,26,1.00
1477,370,Breakfast,37,1.00
1478,370,Snack,7,0.75
1479,370,Lunch,30,1.20
1480,370,Dinner,40,1.30
1481,371,Breakfast,38,1.20
1482,371,Snack,9,0.75
1483,371,Lunch,42,1.50
1484,371,Dinner,16,1.00
1485,372,Breakfast,4,0.80
1486,372,Snack,11,0.75
1487,372,Lunch,45,1.20
1488,372,Dinner,25,1.30
1489,373,Breakfast,5,1.00
1490,373,Snack,13,0.75
1491,373,Lunch,17,1.50
1492,373,Dinner,42,1.00
1493,374,Breakfast,3,1.20
1494,374,Snack,47,0.75
1495,374,Lunch,20,1.20
1496,374,Dinner,15,1.30
1497,375,Breakfast,33,0.80
1498,375,Snack,49,0.75
1499,375,Lunch,23,1.50
1500,375,Dinner,29,1.00
1501,376,Breakfast,3,1.00
1502,376,Snack,33,1.00
1503,376,Lunch,27,1.50
1504,376,Dinner,24,1.30
1505,377,Breakfast,33,1.20
1506,377,Snack,6,1.00
1507,377,Lunch,30,1.20
1508,377,Dinner,32,1.00
1509,378,Breakfast,36,0.80
1510,378,Snack,8,1.00
1511,378,Lunch,42,1.50
1512,378,Dinner,46,1.30
1513,379,Breakfast,6,1.00
1514,379,Snack,10,1.00
1515,379,Lunch,45,1.20
1516,379,Dinner,28,1.00
1517,380,Breakfast,7,1.20
1518,380,Snack,12,1.00
1519,380,Lunch,17,1.50
1520,380,Dinner,2,1.30
1521,381,Breakfast,8,0.80
1522,381,Snack,14,1.00
1523,381,Lunch,20,1.20
1524,381,Dinner,20,1.00
1525,382,Breakfast,11,1.00
1526,382,Snack,48,1.00
1527,382,Lunch,23,1.50
1528,382,Dinner,31,1.30
1529,383,Breakfast,12,1.20
1530,383,Snack,33,1.00
1531,383,Lunch,2,1.20
1532,383,Dinner,45,1.00
1533,384,Breakfast,37,0.80
1534,384,Snack,6,1.00
1535,384,Lunch,28,1.50
1536,384,Dinner,27,1.30
1537,385,Breakfast,38,1.00
1538,385,Snack,8,1.00
1539,385,Lunch,40,1.20
1540,385,Dinner,41,1.00
1541,386,Breakfast,4,1.20
1542,386,Snack,10,1.00
1543,386,Lunch,43,1.50
1544,386,Dinner,18,1.30
1545,387,Breakfast,5,0.80
1546,387,Snack,12,1.00
1547,387,Lunch,46,1.20
1548,387,Dinner,30,1.00
1549,388,Breakfast,3,1.00
1550,388,Snack,14,1.00
1551,388,Lunch,18,1.50
1552,388,Dinner,43,1.30
1553,389,Breakfast,33,1.20
1554,389,Snack,48,1.00
1555,389,Lunch,21,1.20
1556,389,Dinner,26,1.00
1557,390,Breakfast,36,0.80
1558,390,Snack,33,1.00
1559,390,Lunch,39,1.50
1560,390,Dinner,40,1.30
1565,391,Dinner,43,1.30
1566,392,Breakfast,28,15
1567,14,Snack,15,0.75
1568,14,Lunch,19,1.20
1569,14,Dinner,43,1.30
1570,14,Breakfast,3,1
1571,393,Breakfast,3,3
1572,393,Lunch,1,3
1573,393,Lunch,2,2
1574,394,Breakfast,6,3
1575,394,Dinner,28,4
